externalRef,businessId,date,cargoType,quantity,courierId,vehicleId,mustFollow,opens,closes
D1,business1,2026-10-07,standard,1,,vehicle1,,07:00,23:59
D2,business2,2026-10-07,fresh,1,courier2,vehicle9,,07:00,23:59
D3,business3,2026-10-07,cold,1,courier3,vehicle3,,07:00,23:59
D4,business4,2026-10-07,standard,1,courier4,vehicle4,,07:00,23:59
D5,business5,2026-10-07,fresh,1,courier5,vehicle5,,07:00,23:59
D6,business6,2026-10-07,cold,1,courier6,vehicle6,,07:00,23:59
D7,business7,2026-10-07,standard,1,courier7,vehicle7,,07:00,23:59
D8,business8,2026-10-07,fresh,1,courier1,vehicle1,,07:00,23:59
D9,business9,2026-10-07,cold,1,courier2,vehicle2,,07:00,23:59
D10,business10,2026-10-07,standard,1,courier3,vehicle3,,07:00,23:59
D11,business11,2026-10-07,fresh,1,courier4,vehicle4,,07:00,23:59
D12,business12,2026-10-07,cold,1,courier5,vehicle5,,07:00,23:59
D13,business13,2026-10-07,standard,1,courier6,vehicle6,,07:00,23:59
D14,business14,2026-10-07,fresh,1,courier7,vehicle7,,07:00,23:59
D15,business15,2026-10-07,cold,1,courier1,vehicle1,,07:00,23:59
D16,business16,2026-10-07,standard,1,courier2,vehicle2,,07:00,23:59
D17,business17,2026-10-07,fresh,1,courier3,vehicle3,,07:00,23:59
D18,business18,2026-10-07,cold,1,courier4,vehicle4,,07:00,23:59
D19,business19,2026-10-07,standard,1,courier5,vehicle5,,07:00,23:59
D20,business20,2026-10-07,fresh,1,courier6,vehicle6,,07:00,23:59
D21,business21,2026-10-07,cold,1,courier7,vehicle7,,07:00,23:59
D22,business22,2026-10-07,standard,1,courier1,vehicle1,,07:00,23:59
D23,business23,2026-10-07,fresh,1,courier2,vehicle2,,07:00,23:59
D24,business24,2026-10-07,cold,1,courier3,vehicle3,,07:00,23:59
D25,business25,2026-10-07,standard,1,courier4,vehicle4,,07:00,23:59
D26,business1,2026-10-07,fresh,1,courier5,vehicle5,,07:00,23:59
D27,business2,2026-10-07,cold,1,courier6,vehicle6,,07:00,23:59
D28,business3,2026-10-07,standard,1,courier7,vehicle7,,07:00,23:59
D29,business4,2026-10-07,fresh,1,courier1,vehicle1,,07:00,23:59
D30,business5,2026-10-07,cold,1,courier2,vehicle2,,07:00,23:59
D31,business6,2026-10-07,standard,1,courier3,vehicle3,,07:00,23:59
D32,business7,2026-10-07,fresh,1,courier4,vehicle4,,07:00,23:59
D33,business8,2026-10-07,cold,1,courier5,vehicle5,,07:00,23:59
D34,business9,2026-10-07,standard,1,courier6,vehicle6,,07:00,23:59
D35,business10,2026-10-07,fresh,1,courier7,vehicle7,,07:00,23:59
D36,business11,2026-10-07,cold,1,courier1,vehicle1,,07:00,23:59
D37,business12,2026-10-07,standard,1,courier2,vehicle2,,07:00,23:59
D38,business13,2026-10-07,fresh,1,courier3,vehicle3,,07:00,23:59
D39,business14,2026-10-07,cold,1,courier4,vehicle4,,07:00,23:59
D40,business15,2026-10-07,standard,1,courier5,vehicle5,,07:00,23:59
D41,business16,2026-10-07,fresh,1,courier6,vehicle6,,07:00,23:59
D42,business17,2026-10-07,cold,1,courier7,vehicle7,,07:00,23:59
D43,business18,2026-10-07,standard,1,courier1,vehicle1,,07:00,23:59
D44,business19,2026-10-07,fresh,1,courier2,vehicle2,,07:00,23:59
D45,business20,2026-10-07,cold,1,courier3,vehicle3,,07:00,23:59
BAD,business404,2026-10-07,standard,-1,courier404,vehicle404,,25:00,09:00